improvement_id,process_issue,count,affected_accounts,suggested_fix,owner_role,expected_impact
OI-001,Closed-won to onboarding handoff is missing SLA discipline.,3,Beacon Hiring Co; Cloudforge Labs; Quartz Education Group,Create a same-day closed-won handoff checklist and kickoff scheduling rule.,Head of CS,Reduces lost context immediately after close.
OI-002,Blockers are recorded but not converted into unblock plans.,19,Beacon Hiring Co; Cloudforge Labs; DeltaOps Systems; Evergreen Clinic Group; Finley Finance Studio; Grove Robotics; Horizon Analytics; Ivory Desk Software; plus 11 more,"Turn every blocker into owner, due date, and escalation path.",Implementation Lead,Shortens stuck time.
OI-003,Training completion is inconsistent.,7,Beacon Hiring Co; Cloudforge Labs; Finley Finance Studio; Ivory Desk Software; Northstar Legal Ops; Quartz Education Group; TerraWorks Energy,Make training a tracked activation milestone with customer attendance.,Onboarding Lead,Improves readiness for activation.
OI-004,Customer communication is going stale during onboarding.,9,Cloudforge Labs; Finley Finance Studio; Kinetic Support Labs; Northstar Legal Ops; Prairie Foods Network; Quartz Education Group; Riverline Logistics; TerraWorks Energy; plus 1 more,Add a weekly customer touchpoint SLA and stale-account review.,Customer Success Lead,Prevents silence from turning into churn risk.
OI-005,"Owner coverage is unclear across onboarding, CS, and implementation.",3,Cloudforge Labs; Quartz Education Group; TerraWorks Energy,Require named owners before kickoff and during every stage change.,Founder or BizOps,Makes accountability visible.
OI-006,Next steps are too vague to manage.,1,Cloudforge Labs,Require every account to have a dated next action with one owner.,Onboarding Lead,Improves execution quality.
OI-007,Technical integration blockers are slowing activation.,5,DeltaOps Systems; Kinetic Support Labs; Meridian Robotics; Riverline Logistics; Vertex Mining Analytics,Create integration runbook with customer technical owner and internal owner.,Implementation Lead,Reduces technical delays.
OI-008,Data migration ownership and source data readiness are weak.,3,Evergreen Clinic Group; Northstar Legal Ops; UniScale Marketplaces,Use a migration readiness checklist before kickoff.,Implementation Lead,Reduces data dependency risk.
OI-009,Accounts are not converting onboarding activity into product usage.,4,Finley Finance Studio; Kinetic Support Labs; Luma Retail Cloud; Prairie Foods Network,Tie activation criteria to usage evidence and run adoption recovery.,Customer Success Lead,Improves activation quality.
OI-010,Activation dates are slipping without earlier intervention.,9,Juniper BioTools; Kinetic Support Labs; Meridian Robotics; Northstar Legal Ops; Prairie Foods Network; Quartz Education Group; Riverline Logistics; TerraWorks Energy; plus 1 more,Review accounts 7 days before target activation and reset milestone plans.,Onboarding Lead,Improves activation predictability.
OI-011,Billing risk is leaking into onboarding.,2,Juniper BioTools; Riverline Logistics,Add finance review to onboarding risk meeting for unpaid accounts.,Finance or RevOps,Reduces commercial friction.
OI-012,High-value onboarding risk is not escalated early enough.,4,Meridian Robotics; Prairie Foods Network; Riverline Logistics; TerraWorks Energy,Add automatic founder review for high-value accounts with high risk.,Founder,Protects revenue and reference potential.
